county,area,name,uri,park_department
Marin County,northbayhikes,Abbotts Lagoon Trail,northbayhikes/abbottslagoon.html,National Park Service
Santa Clara County,southbayhikes,Acorn Trail,southbayhikes/arastradero.html,
Santa Clara County,southbayhikes,Baylands Preserve,southbayhikes/baylands.html,
Santa Clara County,southbayhikes,Hidden Villa,southbayhikes/hiddenvilla.html,
Wunderlich County Park,southbayhikes,Alambique Trail,southbayhikes/wunderlich.html,County of San Mateo Parks Department
Alameda County,eastbayhikes,Coyote Hills Regional Park,eastbayhikes/coyotehills.html,
Alameda County,eastbayhikes,Quarry Lakes Regional Recreation Area,eastbayhikes/quarrylakes.html,East Bay Regional Park District
Contra Costa County,eastbayhikes,Alamo Trail,eastbayhikes/diablofoothills.html,East Bay Regional Park District
Uvas Canyon County Park,southbayhikes,Alec Cayon Trail,southbayhikes/uvas.html,Santa Clara County Parks
Marin County,northbayhikes,Alexander Trail,northbayhikes/invalley.html,
San Mateo County,southbayhikes,Alpine Pond Trail,southbayhikes/skylinealpine.html,Midpeninsula Regional Open Space District
San Mateo County,southbayhikes,Alpine Road,southbayhikes/coal.html,County of San Mateo Parks Department
San Mateo County,southbayhikes,Alpine Trail,southbayhikes/cmr.html,
Sonoma County Parks,northbayhikes,Alta Vista Trail,northbayhikes/foothill.html,
Marin County,northbayhikes,Alto Bowl Fire Road,northbayhikes/altobowl.html,Marin County Open Space District
San Mateo County,southbayhikes,Ancient Oaks Trail,southbayhikes/russianridge.html,Midpeninsula Regional Open Space District
San Mateo County,southbayhikes,Anniversary Trail,southbayhikes/whsrhg.html,Midpeninsula Regional Open Space District
San Mateo County,southbayhikes,Ao Nuevo Point Trail,southbayhikes/anonuevo2.html,California State Parks
San Mateo County,southbayhikes,Ao Nuevo Trail,southbayhikes/butano.html,California State Parks
Santa Clara County,southbayhikes,Aquinas Trail,southbayhikes/elsereno.html,Midpeninsula Regional Open Space District
Solano County,eastbayhikes,Arch Trail,eastbayhikes/rockville.html,
Alameda County,eastbayhikes,Arrowhead Marsh Trail,eastbayhikes/mlkshoreline.html,East Bay Regional Park District
Sonoma County Parks,northbayhikes,Arroyo Trail,northbayhikes/hputnam.html,
Sonoma County,northbayhikes,Austin Creek Trail,northbayhikes/austincreek.html,California State Parks
Marin County,northbayhikes,Azalea Meadow Trail,northbayhikes/rockspring.html,Marin Municipal Water District
Marin County,northbayhikes,Bald Hill Trail,northbayhikes/deerpark.html,
San Mateo County,southbayhikes,Bald Knob Trail,southbayhikes/purisimabald.html,Midpeninsula Regional Open Space District
Santa Clara County,southbayhikes,Bald Mountain Trail,southbayhikes/sierraazul/sierraazul.html,
Sonoma County,northbayhikes, Bald Mountain Trail,northbayhikes/sugarloaf.html,California State Parks
Marin County,northbayhikes,Barnabe Trail,northbayhikes/sptbarnabe.html,California State Parks
Sonoma County,northbayhikes,Bald Mountain Trail,northbayhikes/sugarloaf.html,California State Parks
San Francisco County,sfhikes,Bay Area Ridge Trail,sfhikes/funston.html,
Solano County,eastbayhikes,Bay Area Ridge Trail,eastbayhikes/rockville.html,
Marin County,northbayhikes,Big Trees Trail,northbayhikes/indiantree.html,Marin County Open Space District
Napa County,northbayhikes,Buckeye Trail,northbayhikes/skylinewild.html,
Contra Costa County,eastbayhikes,California Riding and Hiking Trail,eastbayhikes/carquinez.html,East Bay Regional Park District
Marin County,northbayhikes,Cobblestone Fire Road,northbayhikes/burdell.html,Marin County Open Space District
,southbayhikes,Coyote Peak Trail,southbayhikes/santateresa.html,
San Mateo County,southbayhikes,Craig Britton Trail,southbayhikes/purisimahiggins.html,Midpeninsula Regional Open Space District
Marin County,northbayhikes,Deer Camp Fire Road,northbayhikes/burdell.html,Marin County Open Space District
,northbayhikes,Deer Park Fire Road,northbayhikes/muirwoodsroad.html,
Marin County,northbayhikes,Doe Hill Fire Road,northbayhikes/little.html,Marin County Open Space District
Alameda County,eastbayhikes,Eagle Trail,eastbayhikes/missionpeak.html,East Bay Regional Park District
Alameda County,eastbayhikes,Grass Valley Trail,eastbayhikes/bortmeadow.html,East Bay Regional Park District
Santa Teresa County Park,southbayhikes,Hidden Springs Trail,southbayhikes/santateresa.html,Santa Clara County Parks
Solano County,eastbayhikes,Hiddenbrooke Trail,eastbayhikes/hiddenbrooke.html,
Contra Costa County,eastbayhikes,Huckleberry Path,eastbayhikes/huckleberry.htm,East Bay Regional Park District
Sonoma County,northbayhikes,Lake Trail,northbayhikes/jacklondon.html,California State Parks
Marin County,northbayhikes,Little Mountain Trail,northbayhikes/little.html,Marin County Open Space District
Marin County,southbayhikes,Lost ,southbayhikes/windy.html,Marin County Open Space District
San Mateo County,southbayhikes,Trail,southbayhikes/windy.html,Midpeninsula Regional Open Space District
Mount Madonna County Park,southbayhikes,Merry Go Round Trail,southbayhikes/madonna.html,Santa Clara County Parks
Marin County,northbayhikes,Middle Burdell Fire Road,northbayhikes/burdell.html,Marin County Open Space District
Santa Teresa County Park,southbayhikes,Mine Trail,southbayhikes/santateresa.html,Santa Clara County Parks
Sonoma County,northbayhikes,Mountain Trail,northbayhikes/jacklondon.html,California State Parks
San Mateo County,southbayhikes,North Ridge Trail,southbayhikes/purisimanorth.html,Midpeninsula Regional Open Space District
San Mateo County,southbayhikes,Peters Creek Trail,southbayhikes/longridge.html,Midpeninsula Regional Open Space District
Marin County,northbayhikes,Redwood Creek Trail,northbayhikes/muirwoodsroad.html,California State Parks
,northbayhikes,Ridge Trail,northbayhikes/hputnam.html,
,southbayhikes,Ridge Trail,southbayhikes/russianridge.html,
San Mateo County,southbayhikes,Ridge Trail,southbayhikes/skyline1.html,Midpeninsula Regional Open Space District
Marin County,northbayhikes,San Andreas Fire Road,northbayhikes/burdell.html,Marin County Open Space District
Upper Steven Creek County Park,southbayhikes,Saratoga Gap Trail,southbayhikes/usccp.html,Santa Clara County Parks
SanbornSkyline County Park,southbayhikes,Skyline Trail,southbayhikes/sanborn.html,Santa Clara County Parks
Marin County,northbayhikes,Skywalker Easement,northbayhikes/skywalker.html,
Contra Costa County,eastbayhikes,Sobrante Ridge Trail,eastbayhikes/sobrante.html,East Bay Regional Park District
Sonoma County,northbayhikes,Sonoma Ridge Trail,northbayhikes/jacklondon.html,California State Parks
Santa Clara County,southbayhikes,Stile Ranch Trail,southbayhikes/stileranch.html,
San Mateo County,southbayhikes,Sweeney Ridge Trail,southbayhikes/sweeney.html,Golden Gate National Recreation Area
Contra Costa County,eastbayhikes,West Ridge Trail,eastbayhikes/redwood.html,East Bay Regional Park District
Santa Clara County,southbayhikes,Woods Trail,southbayhikes/sierraazul/sierraazul2.html,
Marin County,northbayhikes,Bay Hills Fire Road,northbayhikes/barbier.html,
San Mateo County,southbayhikes,Bair Island,southbayhikes/bair.html,
Marin County,northbayhikes,Bothin Marsh Open Space Preserve,northbayhikes/bothin.html,Marin County Open Space District
Alameda County,eastbayhikes,Cesar ChavezNorth Waterfront Park,eastbayhikes/nwaterfront.html,
Alameda County,eastbayhikes,Coyote Hills Regional Park,eastbayhikes/coyotehills.html,East Bay Regional Park District
San Mateo County,southbayhikes,Coyote Point Recreation Area,southbayhikes/coyotepoint.html,County of San Mateo Parks Department
San Francisco County,sfhikes,Crissy Field,sfhikes/crissy.html,
Alameda County,eastbayhikes,Don Edwards San Francisco Bay National Wildlife Refuge,eastbayhikes/dewf.html,
Alameda County,eastbayhikes,Hayward Regional Shoreline,eastbayhikes/hrs.html,East Bay Regional Park District
Alameda County,eastbayhikes,Oyster Point Regional Shoreline,eastbayhikes/oyster.html,East Bay Regional Park District
Contra Costa County,eastbayhikes,Point Isabel Regional Shoreline,eastbayhikes/ptisabel.html,East Bay Regional Park District
San Mateo County,southbayhikes,Ravenswood Open Space Preserve,southbayhikes/ravenswood.html,Midpeninsula Regional Open Space District
Santa Clara County,southbayhikes,Shoreline at Mountain View,southbayhikes/shoreline.html,
Sonoma County,northbayhikes,Tubbs Island,northbayhikes/tubbs.html,
Contra Costa County,eastbayhikes,Bay View Trail,eastbayhikes/pointpinole.html,East Bay Regional Park District
Alameda County,eastbayhikes,Bayview Trail,eastbayhikes/coyotehills.html,East Bay Regional Park District
Wunderlich County Park,southbayhikes,Bear Gulch Trail,southbayhikes/wunderlich.html,County of San Mateo Parks Department
Marin County,northbayhikes,Bear Valley Trail,northbayhikes/prbv.html,National Park Service
Contra Costa County,eastbayhikes,Belgum Trail,eastbayhikes/wildcatcanyon.html,East Bay Regional Park District
Santa Clara County,southbayhikes,Bella Vista Trail,southbayhikes/monte.html,Midpeninsula Regional Open Space District
Santa Cruz County,southbayhikes,Bennett Creek Trail,southbayhikes/fallcreek.html,California State Parks
Marin County,northbayhikes,Benstein Trail,northbayhikes/rockspring.html,Marin Municipal Water District
Santa Cruz County,southbayhikes,Berry Creek Falls from the ocean,southbayhikes/bbrdo.html,California State Parks
Santa Cruz County,southbayhikes,Waterfall Loop from Park Headquarters,southbayhikes/bigbasin/waterfallloop.html,California State Parks
Marin County,northbayhikes,Bicentennial Bike Path,northbayhikes/bothin.html,Marin County Open Space District
Santa Cruz County,southbayhikes,Big Ben Trail,southbayhikes/fallcreek.html,California State Parks
San Mateo County,southbayhikes,Big Canyon Trail,southbayhikes/ebcp.html,
Marin County,northbayhikes,Big Rock Ridge Fire Road,northbayhikes/lucasvalley.html,
Sam McDonald County Park,southbayhikes,Big Tree Trail,southbayhikes/smcp.html,County of San Mateo Parks Department
Santa Cruz County,southbayhikes,Big Trees Nature Trail,southbayhikes/lochlomond.html,
Marin County,northbayhikes,Big Trees Trail,northbayhikes/indiantree.html,Marin County Open Space District
Sonoma County Parks,northbayhikes,Bigleaf Trail,northbayhikes/shiloh.html,
Marin County,northbayhikes,Bills Trail,northbayhikes/sptbarnabe.html,California State Parks
Contra Costa County,eastbayhikes,Black Diamond Trail,eastbayhikes/bdm.html,East Bay Regional Park District
Contra Costa County,eastbayhikes,Black Hills Trail,eastbayhikes/losvaqueros.html,Contra Costa Water District
Santa Clara County,southbayhikes,Black Mountain Trail,southbayhikes/ranchoblack.html,Midpeninsula Regional Open Space District
Contra Costa County,eastbayhikes,Bear Creek Staging Area Briones Regional Park,eastbayhikes/bcbriones.html,
Contra Costa County,eastbayhikes,Kennedy Grove Regional Recreation Area,eastbayhikes/kengrove.html,East Bay Regional Park District
Sonoma County Parks,northbayhikes,Blackberry Trail,northbayhikes/ragle.html,
Marin County,northbayhikes,Blithedale Ridge Fire Road,northbayhikes/blithe.html,Marin County Open Space District
Contra Costa County,eastbayhikes,Morgan Territory Regional Preserve,eastbayhikes/morgan.html,East Bay Regional Park District
San Mateo County,southbayhikes,Pulgas Ridge Open Space Preserve,southbayhikes/pulgas.html,Midpeninsula Regional Open Space District
Marin County,northbayhikes,Bob Middagh Trail,northbayhikes/altobowl.html,Marin County Open Space District
Contra Costa County,eastbayhikes,Bob Walker Regional Trail,eastbayhikes/morgan.html,East Bay Regional Park District
Marin County,northbayhikes,Bobcat Trail,northbayhikes/gerbode.html,National Park Service
Sonoma County,northbayhikes,Bodega Head Trail,northbayhikes/bodegahead.html,California State Parks
San Bruno Mountain County and State Park,southbayhikes,All Access Loop,southbayhikes/sanbrunoaccess.html,County of San Mateo Parks Department
San Bruno Mountain County and State Park,southbayhikes,Bog Loop,southbayhikes/sanbrunobog.html,County of San Mateo Parks Department
Marin County,northbayhikes,Bolema Trail,northbayhikes/fivebrooks.html,National Park Service
Marin County,northbayhikes,Bootjack Trail,northbayhikes/mountainhome.html,California State Parks
San Mateo County,southbayhikes,Borden Hatch Mill Trail,southbayhikes/purisimabald.html,Midpeninsula Regional Open Space District
Marin County,northbayhikes,Bothin Access Fire Road,northbayhikes/white.html,Marin County Open Space District
Pescadero Creek County Park,southbayhikes,Bridge Trail,southbayhikes/portola.html,County of San Mateo Parks Department
Contra Costa County,eastbayhikes,Briones Crest Trail,eastbayhikes/bcbriones.html,East Bay Regional Park District
,eastbayhikes,Briones to Mount Diablo Trail,eastbayhikes/diablofoothills.html,East Bay Regional Park District
San Mateo County,southbayhikes,Brooks Falls Trail,southbayhikes/sanpedro.html,County of San Mateo Parks Department
Alameda County,eastbayhikes,Bort Meadow Staging Area Anthony Chabot Regional Park,eastbayhikes/bortmeadow.html,East Bay Regional Park District
Marin County,northbayhikes,Deer Park Trailhead,northbayhikes/deerpark.html,
San Mateo County,southbayhikes,Junipero Serra County Park,southbayhikes/juniperoserra.html,County of San Mateo Parks Department
Napa County,northbayhikes,Skyline Wilderness Park,northbayhikes/skylinewild.html,
Santa Clara County,southbayhikes,Bunny Creek Loop Trail,southbayhikes/hiddenvilla.html,
Marin County,northbayhikes,Burdell Mountain Ridge Fire Road,northbayhikes/burdell.html,Marin County Open Space District
Marin County,northbayhikes,Buzzard Burn Access,northbayhikes/invalley.html,Marin County Open Space District
Contra Costa County,eastbayhikes,California Riding and Hiking Trail,eastbayhikes/carquinez.html,East Bay Regional Park District
Alameda County,eastbayhikes,Californio Trail,eastbayhikes/quarrylakes.html,East Bay Regional Park District
Marin County,northbayhikes,Camp Eastwood Road,northbayhikes/mountainhome.html,California State Parks
Grant County Park,southbayhikes,Caada de Pala Trail,southbayhikes/grant.html,Santa Clara County Parks
Contra Costa County,eastbayhikes,Caada Trail,eastbayhikes/losvaqueros.html,Contra Costa Water District
Santa Clara County,southbayhikes,Canyon Trail,southbayhikes/monte.html,Midpeninsula Regional Open Space District
Alameda County,eastbayhikes,Canyon View Trail,eastbayhikes/sunol.html,East Bay Regional Park District
Contra Costa County,eastbayhikes,Cardinet Oaks Road,eastbayhikes/mdsp/donnercanyon.html,California State Parks
Contra Costa County,eastbayhikes,Carquinez Overlook Loop Trail,eastbayhikes/carquinezwest.html,East Bay Regional Park District
Marin County,northbayhikes,Cascade Falls Trail,northbayhikes/cascade.html,Marin County Open Space District
Marin County,northbayhikes,Cascade Fire Road,northbayhikes/cascade.html,Marin County Open Space District
Almaden Quicksilver County Park,southbayhikes,Castillero Trail,southbayhikes/almadenquicksilver.html,Santa Clara County Parks
Santa Cruz County,southbayhikes,Castle Rock Trail,southbayhikes/castlerock.html,California State Parks
Marin County,northbayhikes,Up to the falls,northbayhikes/cataractfalls.html,Marin Municipal Water District
Marin County,northbayhikes,Rock SpringPotrero Meadow Loop,northbayhikes/rockspring.html,Marin Municipal Water District
Alameda County,eastbayhikes,Cave Rocks Road,eastbayhikes/sunol.html,East Bay Regional Park District
Marin County,northbayhikes,Cemetery Fire Road,northbayhikes/tlsh.html,Marin County Open Space District
Santa Clara County,southbayhikes,Chamise Trail,southbayhikes/ranchoduveneck.html,Midpeninsula Regional Open Space District
Contra Costa County,eastbayhikes, Chaparral Loop,eastbayhikes/bdm.html,East Bay Regional Park District
Alameda County,eastbayhikes,Joaquin Miller Park,eastbayhikes/joaquinmiller.html,
Napa County,northbayhikes,Skyline Wilderness Park,northbayhikes/skylinewild.html,
Upper Steven Creek County Park,southbayhikes,Charcoal Road,southbayhikes/usccp.html,
Huddart County Park,southbayhikes,Chickadee Trail,southbayhikes/huddartchick.html,County of San Mateo Parks Department
Marin County,northbayhikes,Chicken Shack Fire Road,northbayhikes/pv.html,Marin County Open Space District
Marin County,northbayhikes,Chimney Rock Trail,northbayhikes/chimneyrock.html,National Park Service
Alameda County,eastbayhikes,Chochenyo Trail,eastbayhikes/coyotehills.html,East Bay Regional Park District
Almaden Quicksilver County Park,southbayhikes,Church Hill Trail,southbayhikes/almadenquicksilver.html,Santa Clara County Parks
Marin County,northbayhikes,Citron Fire Road,northbayhikes/kingmtn.html,Marin County Open Space District
Marin County,northbayhikes,Bear Valley Trailhead,northbayhikes/prbv.html,National Park Service
Marin County,northbayhikes,Palomarin Trailhead,northbayhikes/palomarin.html,National Park Service
Marin County,northbayhikes,Muir Beach Trailhead,northbayhikes/muirbeach.html,National Park Service
Marin County,northbayhikes,Muir Woods Road Trailhead,northbayhikes/muirwoodsroad.html,California State Parks
San Francisco County,sfhikes,Lands End,sfhikes/landsend.html,Golden Gate National Recreation Area
Marin County,northbayhikes,Rodeo Beach Trailhead,northbayhikes/rodeobeach.html,National Park Service
Marin County,northbayhikes,Cobblestone Fire Road,northbayhikes/burdell.html,Marin County Open Space District
Sonoma County,northbayhikes,Cobblestone Trail,northbayhikes/annadel/annadel2.html,California State Parks
Marin County,northbayhikes,Conifer Fire Road,northbayhikes/giacomini.html,Marin County Open Space District
Contra Costa County,eastbayhikes,Contra Costa Canal Trail,eastbayhikes/ccct.html,East Bay Regional Park District
Contra Costa County,eastbayhikes,Cooks Point Trail,eastbayhikes/pointpinole.html,East Bay Regional Park District
Santa Clara County,southbayhikes,Cora Older Trail,southbayhikes/fremontolder.html,Midpeninsula Regional Open Space District
San Mateo County,southbayhikes,Cordilleras Trail,southbayhikes/pulgas.html,Midpeninsula Regional Open Space District
Santa Clara County,southbayhikes,Corral Trail,southbayhikes/henrycoe/headquarters.html,California State Parks
Napa County,northbayhikes,BotheNapa Valley State Park,northbayhikes/bothenapa.htm,California State Parks
Santa Clara County,southbayhikes,Santa Teresa County Park,southbayhikes/santateresa.html,Santa Clara County Parks
Marin County,northbayhikes,Muir Beach Trailhead,northbayhikes/muirbeach.html,National Park Service
Santa Clara County,southbayhikes,Stevens Creek County Park,southbayhikes/stevenscreek.html,
Contra Costa County,eastbayhikes,Coyote Trail,eastbayhikes/morgan.html,East Bay Regional Park District
San Mateo County,southbayhikes,Craig Britton Trail,southbayhikes/purisimahiggins.html,Midpeninsula Regional Open Space District
San Mateo County,southbayhikes,Crazy Petes Road,southbayhikes/coal.html,Midpeninsula Regional Open Space District
Sonoma County Parks,northbayhikes,Crane Creek Regional Park,northbayhikes/crane.html,
Santa Clara County,southbayhikes,Villa Montalvo County Park,southbayhikes/montalvo.html,Santa Clara County Parks
Santa Clara County,southbayhikes,Fremont Older Open Space Preserve,southbayhikes/fremontolder.html,Midpeninsula Regional Open Space District
Sonoma County Parks,northbayhikes,Shiloh Ranch Regional Park,northbayhikes/shiloh.html,
Contra Costa County,eastbayhikes,Crest Trail,eastbayhikes/millerknox.html,East Bay Regional Park District
Marin County,northbayhikes,Cross Marin Trail,northbayhikes/sptbarnabe.html,California State Parks
San Mateo County,southbayhikes,Huddart County Park,southbayhikes/huddartdean.html,County of San Mateo Parks Department
San Mateo County,southbayhikes,as a gateway to Phleger Estate,southbayhikes/phleger.html,Golden Gate National Recreation Area
San Mateo County,southbayhikes,to Pulgas Water Temple,southbayhikes/pwt.html,County of San Mateo Parks Department
Contra Costa County,eastbayhikes,Cuesta Trail,eastbayhikes/lastrampas.html,East Bay Regional Park District
Contra Costa County,eastbayhikes,Curran Trail,eastbayhikes/tilden.html,East Bay Regional Park District
Contra Costa County,eastbayhikes,Curry Canyon Road,eastbayhikes/mdsp/diablocurry.html,California State Parks
San Bruno Mountain County and State Park,southbayhikes,Dairy Ravine Trail,southbayhikes/sanbrunosummit.html,County of San Mateo Parks Department
Marin County,northbayhikes,Dawn Falls Trail,northbayhikes/baltcanyon.html,Marin County Open Space District
Junipero Serra County Park,southbayhikes,De Anza Trail,southbayhikes/juniperoserra.html,County of San Mateo Parks Department
Huddart County Park,southbayhikes,Dean Trail,southbayhikes/huddartdean.html,County of San Mateo Parks Department
Marin County,northbayhikes,Deer Camp Cutoff Trail,northbayhikes/indiantree.html,Marin County Open Space District
Marin County,northbayhikes,Deer Camp Fire Road,northbayhikes/burdell.html,Marin County Open Space District
Marin County,northbayhikes,Deer Camp Trail,northbayhikes/indiantree.html,Marin County Open Space District
Marin County,northbayhikes,Deer Island Loop Trail,northbayhikes/deerisland.html,Marin County Open Space District
Marin County,northbayhikes,Deer Park Trailhead,northbayhikes/deerpark.html,
Marin County,northbayhikes,Muir Woods Road Trailhead,northbayhikes/muirwoodsroad.html,
Marin County,northbayhikes,Deer Park Trail,northbayhikes/deerpark.html,
Napa County,northbayhikes,Deer Trail,northbayhikes/westwoodhills.html,
Marin County,northbayhikes,Devils Gulch Trail,northbayhikes/sptdevil.html,California State Parks
Marin County,northbayhikes,Dipsea Trail,northbayhikes/stinson.html,California State Parks
Sonoma County,northbayhikes,Discovery Trail,northbayhikes/armstrong.html,California State Parks
Marin County,northbayhikes,Doe Hill Fire Road,northbayhikes/little.html,Marin County Open Space District
Contra Costa County,eastbayhikes,Donner Canyon Road,eastbayhikes/mdsp/donnercanyon.html,California State Parks
Santa Cruz County,southbayhikes,Dool Trail,southbayhikes/bigbasin/waterfallloop.html,California State Parks
Alameda County,eastbayhikes,GarinDry Creek Pioneer Parks,eastbayhikes/garin.html,East Bay Regional Park District
Napa County,northbayhikes,Alston Park,northbayhikes/alstonpark.html,
Alameda County,eastbayhikes,DUST Trail,eastbayhikes/coyotehills.html,East Bay Regional Park District
Alameda County,eastbayhikes,Eagle Crest Trail,eastbayhikes/delvalle.html,East Bay Regional Park District
Contra Costa County,eastbayhikes,Eagle Peak Trail,eastbayhikes/mdsp/mcep.html,
Marin County,northbayhikes,Ignacio Valley Open Space Preserve,northbayhikes/ignacio.html,Marin County Open Space District
Alameda County,eastbayhikes,Mission Peak Regional Preserve,eastbayhikes/missionpeak.html,East Bay Regional Park District
Sonoma County,northbayhikes,Armstrong Redwoods State Reserve,northbayhikes/armstrong.html,California State Parks
Contra Costa County,eastbayhikes,Redwood Regional Park,eastbayhikes/redwood.html,East Bay Regional Park District
Alameda County,eastbayhikes,East Shore Trail,eastbayhikes/delvalle.html,East Bay Regional Park District
Marin County,northbayhikes,Easy Grade Trail,northbayhikes/pantoll.html,California State Parks
San Mateo County,southbayhikes,Eaton Trail,southbayhikes/ebcp.html,
San Francisco County,sfhikes,Ecology Trail,sfhikes/inspoint.html,National Park Service
San Mateo County,southbayhikes,El Corte de Madera Creek Trail,southbayhikes/ecdmsp.html,Midpeninsula Regional Open Space District
Contra Costa County,eastbayhikes,Elderberry Trail,eastbayhikes/lastrampas.html,East Bay Regional Park District
Almaden Quicksilver County Park,southbayhikes,English Camp Trail,southbayhikes/almadenquicksilver.html,Santa Clara County Parks
Marin County,northbayhikes,Escalon Fire Road,northbayhikes/caminoalto.html,Marin County Open Space District
Marin County,northbayhikes,Estero Trailhead,northbayhikes/estero.html,National Park Service
Marin County,northbayhikes,Muddy Hollow Trailhead,northbayhikes/muddy.html,National Park Service
San Bruno Mountain County and State Park,southbayhikes,Eucalyptus Loop Trail,southbayhikes/sanbrunosummit.html,County of San Mateo Parks Department
San Francisco County,sfhikes,Fairy Gates Trail,sfhikes/sutro.html,
Santa Cruz County,southbayhikes,Fall Creek Trail,southbayhikes/fallcreek.html,California State Parks
Contra Costa County,eastbayhikes,Falls Trail,eastbayhikes/mdsp/donnercanyon.html,California State Parks
,northbayhikes,Fern Creek Trail,northbayhikes/mountainhome.html,
Sonoma County Parks,northbayhikes,Fiddleneck Trail,northbayhikes/crane.html,
Calero County Park,southbayhikes,Figueroa Trail,southbayhikes/calero.html,Santa Clara County Parks
San Mateo County,southbayhikes,Resolution Loop,southbayhikes/ecdmsp.html,Midpeninsula Regional Open Space District
San Mateo County,southbayhikes,Tafoni Loop,southbayhikes/elcortemadera.html,Midpeninsula Regional Open Space District
Contra Costa County,eastbayhikes,Fire Interpretive Trail,eastbayhikes/mdsp/diablosummit.html,California State Parks
Alameda County,eastbayhikes,Flag Hill RoadTrail,eastbayhikes/sunol.html,East Bay Regional Park District
Santa Clara County,southbayhikes,Flat Frog Trail,southbayhikes/henrycoe/headquarters.html,California State Parks
Contra Costa County,eastbayhikes,Foothills Trail,eastbayhikes/diablofoothills.html,East Bay Regional Park District
Santa Teresa County Park,southbayhikes,Fortini Trail,southbayhikes/stileranch.html,Santa Clara County Parks
San Mateo  Santa Clara County,southbayhikes,Franciscan Loop Trail,southbayhikes/lostrancos.html,Midpeninsula Regional Open Space District
Contra Costa County,eastbayhikes,Franklin Ridge Loop Trail,eastbayhikes/carquinez.html,East Bay Regional Park District
Santa Clara County,southbayhikes,Gateway Trail,southbayhikes/arastradero.html,
Santa Cruz County,southbayhikes,Gilchrist Trail,southbayhikes/lochlomond.html,
Sonoma County,northbayhikes,Gilliam Creek Trail,northbayhikes/austincreek.html,California State Parks
Santa Cruz County,southbayhikes,Glen Corrie Trail,southbayhikes/lochlomond.html,
Marin County,northbayhikes,Glen Fire Road,northbayhikes/lomaalta.html,Marin County Open Space District
Marin County,northbayhikes,Glenbrook Trail,northbayhikes/muddy.html,National Park Service
San Francisco County,sfhikes,Golden Gate Promenade,sfhikes/crissy.html,
Alameda County,eastbayhikes,Goldenrod Trail,eastbayhikes/bortmeadow.html,East Bay Regional Park District
San Mateo County,southbayhikes,Grabtown Gulch Trail,southbayhikes/purisimabald.html,Midpeninsula Regional Open Space District
Santa Clara County,southbayhikes,Grapevine Trail,southbayhikes/hiddenvilla.html,
Alameda County,eastbayhikes,Grass Valley Trail,eastbayhikes/bortmeadow.html,East Bay Regional Park District
Sonoma County,northbayhikes,Gray Pine Trail,northbayhikes/sugarloaf.html,California State Parks
San Mateo County,southbayhikes,Gray Whale Cove Trail,southbayhikes/mcneeranch.html,California State Parks
Contra Costa County,eastbayhikes,Grayfox Trail,eastbayhikes/bishop.html,East Bay Regional Park District
Marin County,northbayhikes,Green Gulch Trail,northbayhikes/muirbeach.html,National Park Service
Marin County,northbayhikes,Griffin Loop Trail,northbayhikes/audubon.html,
Marin County,northbayhikes,Gunshot Fire Road,northbayhikes/lomaalta.html,Marin County Open Space District
Grant County Park,southbayhikes,Halls Valley Trail,southbayhikes/grant.html,Santa Clara County Parks
San Mateo County,southbayhikes,Hamms Gulch Trail,southbayhikes/whsrhg.html,Midpeninsula Regional Open Space District
Contra Costa County,eastbayhikes,Hardy Canyon Trail,eastbayhikes/roundvalley.html,East Bay Regional Park District
San Mateo County,southbayhikes,Harkins Ridge Trail,southbayhikes/purisimahiggins.html,Midpeninsula Regional Open Space District
San Mateo County,southbayhikes,Hassler Tail,southbayhikes/pulgas.html,Midpeninsula Regional Open Space District
Santa Clara County,southbayhikes,Hayfield Trail,southbayhikes/fremontolder.html,Midpeninsula Regional Open Space District
San Mateo County,southbayhikes,Hazelnut Trail,southbayhikes/sanpedrohazel.html,County of San Mateo Parks Department
Marin County,northbayhikes,Heather Cutoff Trail,northbayhikes/muirwoodsroad.html,California State Parks
Marin County,northbayhikes,Heathcliff Fire Road,northbayhikes/osh.html,Marin County Open Space District
Sam McDonald County Park,southbayhikes,Heritage Grove Trail,southbayhikes/smcp.html,County of San Mateo Parks Department
Alameda County,eastbayhikes,Hetch Hetchy Trail,eastbayhikes/delvalle.html,East Bay Regional Park District
Alameda County,eastbayhikes,Hidden Canyon Trail,eastbayhikes/delvalle.html,East Bay Regional Park District
Marin County,northbayhikes,Hidden Meadow Trail,northbayhikes/phoenixlake.html,Marin Municipal Water District
Santa Teresa County Park,southbayhikes,Hidden Springs Trail,southbayhikes/santateresa.html,Santa Clara County Parks
Alameda County,eastbayhikes,Hidden Valley Trail,eastbayhikes/missionpeak.html,East Bay Regional Park District
Solano County,eastbayhikes,Hiddenbrooke Trail,eastbayhikes/hiddenbrooke.html,
Marin County,northbayhikes,High Marsh Trail,northbayhikes/rockspring.html,Marin Municipal Water District
Santa Clara County,southbayhikes,High Meadow Trail,southbayhikes/rancho.html,Midpeninsula Regional Open Space District
Alameda County,eastbayhikes,High Ridge Loop Trail,eastbayhikes/garin.html,East Bay Regional Park District
Santa Cruz County,southbayhikes,High School Trail,southbayhikes/fallcreek.html,California State Parks
Alameda County,eastbayhikes,High Valley Road,eastbayhikes/sunol.html,East Bay Regional Park District
Marin County,northbayhikes,High Water Trail,northbayhikes/cascade.html,Marin County Open Space District
Santa Cruz County,southbayhikes,Highland Service Road,southbayhikes/lochlomond.html,
Santa Cruz County,southbayhikes,Hihns Mill Road,southbayhikes/soquel.html,
Marin County,northbayhikes,Hill Ranch Trail,northbayhikes/invalley.html,Marin County Open Space District
Sonoma County Parks,northbayhikes,Hilltop Trail,northbayhikes/ragle.html,
San Francisco County,sfhikes,Historic Trail,sfhikes/sutro.html,
Santa Clara County,southbayhikes,Hobbs Road,southbayhikes/henrycoe/headquarters.html,California State Parks
Marin County,northbayhikes,HooKooEKoo Fire Road,northbayhikes/blithe.html,
Marin County,northbayhikes,HooKooEKoo Trail,northbayhikes/blithe.html,
Alameda County,eastbayhikes,Horse Heaven Trail,eastbayhikes/missionpeak.html,East Bay Regional Park District
Marin County,northbayhikes,Horse Hill Trail,northbayhikes/altobowl.html,Marin County Open Space District
Marin County,northbayhikes,Horse Trail,northbayhikes/prsky.html,National Park Service
Marin County,northbayhikes,Horseshoe Fire Road,northbayhikes/blithe.html,
Santa Clara County,southbayhikes,Hostel Trail,southbayhikes/hiddenvilla.html,
Grant County Park,southbayhikes,Hotel Trail,southbayhikes/grant.html,Santa Clara County Parks
Contra Costa County,eastbayhikes,Huckleberry Path,eastbayhikes/huckleberry.htm,
Santa Clara County,southbayhikes,Hunting Hollow Road,southbayhikes/henrycoe/coehh.html,California State Parks
Santa Clara County,southbayhikes,Indian Creek Trail,southbayhikes/monte.html,Midpeninsula Regional Open Space District
Alameda County,eastbayhikes,Indian Joe Creek Trail,eastbayhikes/sunol.html,East Bay Regional Park District
Marin County,northbayhikes,Indian Tree Fire Road,northbayhikes/indiantree.html,Marin County Open Space District
Marin County,northbayhikes,Indian Valley Fire Road,northbayhikes/invalley.html,Marin County Open Space District
San Mateo County,southbayhikes,Ipiwa Trail,southbayhikes/skyline1.html,Midpeninsula Regional Open Space District
Marin County,northbayhikes,Irving Fire Road,northbayhikes/tlshdnorth.html,
San Mateo County,southbayhikes,Iverson Trail,southbayhikes/portola.html,California State Parks
,eastbayhikes,Jackson Grade,eastbayhikes/bortmeadow.html,
Marin County,northbayhikes,Jepson Trail,northbayhikes/tomales.html,California State Parks
Contra Costa County,eastbayhikes,John Muir Nature Trail,eastbayhikes/wanda.html,
Marin County,northbayhikes,Johnstone Trail,northbayhikes/tomales.html,California State Parks
St Josephs Hill Open Space PreserveLexington County Park,southbayhikes,Jones Trail,southbayhikes/stjosephs.htm,
Santa Clara County,southbayhikes,Juan Bautista de Anza Trail,southbayhikes/arastradero.html,
Marin County,northbayhikes,Junction Trail,northbayhikes/deerpark.html,
Contra Costa County,eastbayhikes,Kennedy Creek Trail,eastbayhikes/kengrove.html,East Bay Regional Park District
Marin County,northbayhikes,Bon Tempe Trailhead,northbayhikes/bontempe.html,
Marin County,northbayhikes,Rock SpringPotrero Meadow Loop,northbayhikes/rockspring.html,Marin Municipal Water District
Marin County,northbayhikes,King Mountain Loop Trail,northbayhikes/kingmtn.html,Marin County Open Space District
Contra Costa County,eastbayhikes,Knobcone Point Road,eastbayhikes/mdsp/diablocurry.html,California State Parks
Sonoma County,northbayhikes,Kortum Trail,northbayhikes/sonomabeach.html,California State Parks
Contra Costa County,eastbayhikes,Lafayette Ridge Trail,eastbayhikes/briones.html,East Bay Regional Park District
Marin County,northbayhikes,Lagunitas Fire Road,northbayhikes/skyoaks.html,Marin Municipal Water District
Napa County,northbayhikes,Lake Marie Road,northbayhikes/skylinewild.html,
Sonoma County,northbayhikes,Lake Service Road,northbayhikes/jacklondon.html,California State Parks
Sonoma County,northbayhikes,Annadel State Park,northbayhikes/annadel/annadel.html,California State Parks
Sonoma County,northbayhikes,Jack London State Historic Park,northbayhikes/jacklondon.html,California State Parks
Contra Costa County,eastbayhikes,Lakeside Trail,eastbayhikes/lafres.html,
Marin County,northbayhikes,Lakeview Road,northbayhikes/skyoaks.html,Marin Municipal Water District
San Mateo County,southbayhikes,Larry Lane Trail,southbayhikes/larrylane.html,
Contra Costa County,eastbayhikes,Laurel Loop Trail,eastbayhikes/kengrove.html,East Bay Regional Park District
Alameda County,eastbayhikes,Leona Canyon Trail,eastbayhikes/leona.html,
Marin County,northbayhikes,Little Cat Fire Road,northbayhikes/pv.html,Marin County Open Space District
Marin County,northbayhikes,Little Mountain Trail,northbayhikes/little.html,Marin County Open Space District
Junipero Serra County Park,southbayhikes,Live Oak Nature Trail,southbayhikes/juniperoserra.html,County of San Mateo Parks Department
Sonoma County,northbayhikes,Live Oak Trail,northbayhikes/annadel/annadel.html,California State Parks
San Francisco County,sfhikes,Lobos Creek Trail,sfhikes/loboscreek.html,
Santa Cruz County,southbayhikes,Loch Sloy Service Road,southbayhikes/lochlomond.html,
Santa Cruz County,southbayhikes,Loch Trail,southbayhikes/lochlomond.html,
San Mateo County,southbayhikes,Long Ridge Road,southbayhikes/longridge.html,Midpeninsula Regional Open Space District
,southbayhikes,Long Ridge Trail,southbayhikes/longridge.html,
Santa Clara County,southbayhikes,Stevens Creek County Park,southbayhikes/stevenscreek.html,Santa Clara County Parks
Santa Clara County,southbayhikes,Villa Montalvo County Park,southbayhikes/montalvo.html,Santa Clara County Parks
Contra Costa County,eastbayhikes,Loop Road,eastbayhikes/tilden.html,East Bay Regional Park District
Santa Clara County,southbayhikes,Mount Madonna County Park,southbayhikes/madonna.html,Santa Clara County Parks
Marin County,northbayhikes,Olompali State Historic Park,northbayhikes/olompali.html,California State Parks
Santa Clara County,southbayhikes,Los Alamitos Creek Trail,southbayhikes/alamitoscreek.html,
Calero County Park,southbayhikes,Los Cerritos Trail,southbayhikes/calero.html,Santa Clara County Parks
Contra Costa County,eastbayhikes,Los Vaqueros Trail,eastbayhikes/losvaqueros.html,Contra Costa Water District
San Mateo  Santa Clara County,southbayhikes,Lost Creek Loop Trail,southbayhikes/lostrancos.html,Midpeninsula Regional Open Space District
Marin County,northbayhikes,Mountain Home Trailhead,northbayhikes/mountainhome.html,California State Parks
San Mateo County,southbayhikes,Outandback on the Bay Area Ridge Trail,southbayhikes/windy.html,Midpeninsula Regional Open Space District
San Mateo County,southbayhikes,Spring RidgeHamms Gulch Loop,southbayhikes/whsrhg.html,Midpeninsula Regional Open Space District
San Francisco County,sfhikes,Lovers Lane,sfhikes/inspoint.html,National Park Service
Sonoma County,northbayhikes,Lower Bald Mountain Trail,northbayhikes/sugarloaf.html,California State Parks
Contra Costa County,eastbayhikes,Lower Chaparral Trail,eastbayhikes/bdm.html,East Bay Regional Park District
Santa Clara County,southbayhikes,Lower Meadow Trail,southbayhikes/rancho.html,Midpeninsula Regional Open Space District
Contra Costa County,eastbayhikes,Lower Sea Foam Trail,eastbayhikes/kengrove.html,East Bay Regional Park District
Marin County,northbayhikes,Luiz Fire Road,northbayhikes/lucasvalley.html,Marin County Open Space District
Marin County,northbayhikes,Luiz Ranch Fire Road,northbayhikes/tlshdnorth.html,
Sonoma County Parks,northbayhikes,Lupine Trail,northbayhikes/crane.html,
Marin County,northbayhikes,Sky Oaks Trailhead,northbayhikes/skyoaks.html,Marin Municipal Water District
San Mateo County,southbayhikes,Wunderlich County Park,southbayhikes/wunderlich.html,County of San Mateo Parks Department
Contra Costa County,eastbayhikes,Manhattan Canyon Trail,eastbayhikes/bdm.html,East Bay Regional Park District
Contra Costa County,eastbayhikes,Manzanita Loop,eastbayhikes/sobrante.html,
Santa Clara County,southbayhikes,Manzanita Point Road,southbayhikes/henrycoe/headquarters.html,California State Parks
Contra Costa County,eastbayhikes,Sobrante Ridge Regional Preserve,eastbayhikes/sobrante.html,
Santa Clara County,southbayhikes,St Josephs Hill Open Space Preserve,southbayhikes/stjosephs.htm,Midpeninsula Regional Open Space District
Santa Clara County,southbayhikes,Marsh Front Trail,southbayhikes/baylands.html,
Contra Costa County,eastbayhikes,Marsh Trail,eastbayhikes/pointpinole.html,East Bay Regional Park District
Marin County,northbayhikes,Marshall Beach Trail,northbayhikes/marshall.html,National Park Service
Contra Costa County,eastbayhikes,Mary Bowerman Interpretive Trail,eastbayhikes/mdsp/diablosummit.html,California State Parks
Marin County,northbayhikes,Matt Davis Trail,northbayhikes/stinson.html,California State Parks
San Mateo County,southbayhikes,Meadow Trail,southbayhikes/coal.html,Midpeninsula Regional Open Space District
Sonoma County,northbayhikes,Meadow Trail,northbayhikes/sugarloaf.html,California State Parks
Contra Costa County,eastbayhikes,Meadowlark Ridge Loop Trail,eastbayhikes/waterbird.html,East Bay Regional Park District
Santa Clara County,southbayhikes,Meadowlark Trail,southbayhikes/arastradero.html,
,eastbayhikes,Donner Canyon,eastbayhikes/mdsp/donnercanyon.html,
,eastbayhikes,Mitchell CanyonEagle Peak Loop,eastbayhikes/mdsp/mcep.html,
Mount Madonna County Park,southbayhikes,Merry Go Round Trail,southbayhikes/madonna.html,Santa Clara County Parks
San Mateo County,southbayhikes,Methuselah Trail,southbayhikes/elcortemadera.html,Midpeninsula Regional Open Space District
Contra Costa County,eastbayhikes,Mezue Trail,eastbayhikes/wildcatcanyon.html,East Bay Regional Park District
Marin County,northbayhikes,Michako Trail,northbayhikes/burdell.html,Marin County Open Space District
Marin County,northbayhikes,Middle Burdell Fire Road,northbayhikes/burdell.html,Marin County Open Space District
Marin County,northbayhikes,Middle Summit Fire Road,northbayhikes/caminoalto.html,Marin County Open Space District
Contra Costa County,eastbayhikes,Middle Trail,eastbayhikes/mdsp/donnercanyon.html,California State Parks
San Mateo County,southbayhikes,Mills Canyon Trail,southbayhikes/mills.html,
San Mateo County,southbayhikes,Mindego Trail,southbayhikes/russianridge.html,Midpeninsula Regional Open Space District
Almaden Quicksilver County Park,southbayhikes,Mine Hill Trail,southbayhikes/almadenquicksilver.html,Santa Clara County Parks
Santa Teresa County Park,southbayhikes,Mine Trail,southbayhikes/santateresa.html,Santa Clara County Parks
San Mateo County,southbayhikes,Miramontes Trail,southbayhikes/phleger.html,Golden Gate National Recreation Area
Contra Costa County,eastbayhikes,Mitchell Canyon Trail,eastbayhikes/mdsp/mcep.html,
Contra Costa County,eastbayhikes,Mitchell Rock Trail,eastbayhikes/mdsp/mcep.html,
Marin County,northbayhikes,Rodeo Beach Trailhead,northbayhikes/rodeobeach.html,National Park Service
Contra Costa County,eastbayhikes,Round Valley Regional Preserve,eastbayhikes/roundvalley.html,East Bay Regional Park District
Marin County,northbayhikes,Tennessee Valley Trailhead,northbayhikes/tenvalley.html,National Park Service
San Mateo County,southbayhikes,Montara Mountain Trail,southbayhikes/sanpedro.html,County of San Mateo Parks Department
Santa Clara County,southbayhikes,Monte Bello Road,southbayhikes/ranchoblack.html,Midpeninsula Regional Open Space District
Marin County,northbayhikes,Montura Fire Road,northbayhikes/ignacio.html,Marin County Open Space District
Santa Clara County,southbayhikes,Monument Trail,southbayhikes/henrycoe/headquarters.html,California State Parks
Contra Costa County,eastbayhikes,Mott Peak Trail,eastbayhikes/bcbriones.html,East Bay Regional Park District
Sonoma County,northbayhikes,Mountain Trail,northbayhikes/jacklondon.html,California State Parks
Memorial County Park,southbayhikes,Mt Ellen Nature Trail,southbayhikes/memorial.html,County of San Mateo Parks Department
Memorial County Park,southbayhikes,Mt Ellen Summit Trail,southbayhikes/memorial.html,County of San Mateo Parks Department
Napa County,northbayhikes,Mt St Helena Trail,northbayhikes/rlssp.html,California State Parks
Marin County,northbayhikes,Mt Wittenberg Trail,northbayhikes/prsky.html,National Park Service
Marin County,northbayhikes,Muddy Hollow Road,northbayhikes/muddy.html,National Park Service
Marin County,northbayhikes,Muddy Hollow Trail,northbayhikes/muddy.html,National Park Service
Alameda County,eastbayhikes,Muskrat Trail,eastbayhikes/coyotehills.html,East Bay Regional Park District
Solano County,eastbayhikes,Mystic Ridge Trail,eastbayhikes/rockville.html,
Alameda County,eastbayhikes,Newark Slough Trail Loop,eastbayhikes/dewf.html,
Alameda County,eastbayhikes,Newt Pond Trail,eastbayhikes/garin.html,East Bay Regional Park District
San Francisco County,sfhikes,Nike Road,sfhikes/sutro.html,
Contra Costa County,eastbayhikes,Nimitz Way,eastbayhikes/tilden.html,East Bay Regional Park District
Sonoma County,northbayhikes,North Burma Trail,northbayhikes/annadel/annadel.html,California State Parks
Villa Montalvo County Park,southbayhikes,North Orchard Trail,southbayhikes/montalvo.html,Santa Clara County Parks
San Mateo County,southbayhikes,North Peak Access Road,southbayhikes/mcneeranch.html,California State Parks
San Francisco County,sfhikes,North Ridge Trail,sfhikes/sutro.html,
Marin County,northbayhikes,Northridge Trail,northbayhikes/angelisland.html,California State Parks
Contra Costa County,eastbayhikes,Nortonville Trail,eastbayhikes/bdm.html,East Bay Regional Park District
Santa Clara County,southbayhikes,Novitiate Trail,southbayhikes/stjosephs.htm,Midpeninsula Regional Open Space District
Marin County,northbayhikes,Oak Ridge Trail,northbayhikes/chinacamp.html,California State Parks
Alameda County,eastbayhikes,Oak Tree Trail,eastbayhikes/pleasanton.html,East Bay Regional Park District
Sonoma County Parks,northbayhikes,Oakwood Trail,northbayhikes/foothill.html,
Marin County,northbayhikes,Oat Hill Road,northbayhikes/carsonfalls.html,Marin Municipal Water District
,northbayhikes,Ocean View Trail,northbayhikes/mountainhome.html,
Contra Costa County,eastbayhikes,Old Briones Road,eastbayhikes/bcbriones.html,East Bay Regional Park District
Contra Costa County,eastbayhikes,Old County Road,eastbayhikes/millerknox.html,East Bay Regional Park District
Alameda County,eastbayhikes,Old Creek Trail,eastbayhikes/quarrylakes.html,East Bay Regional Park District
San Bruno Mountain County and State Park,southbayhikes,All Access Loop,southbayhikes/sanbrunoaccess.html,County of San Mateo Parks Department
San Bruno Mountain County and State Park,southbayhikes,Saddle Loop,southbayhikes/sanbrunosaddle.html,County of San Mateo Parks Department
Pescadero Creek County Park,southbayhikes,Old Haul Road,southbayhikes/portola.html,County of San Mateo Parks Department
Alameda County,eastbayhikes,Old Homestead Trail,eastbayhikes/garin.html,East Bay Regional Park District
Marin County,northbayhikes,Old Marincello Vehicle Road,northbayhikes/tenvalley.html,National Park Service
Marin County,northbayhikes,Old Mine Trail,northbayhikes/pantoll.html,California State Parks
San Mateo County,southbayhikes,Old Pedro Mountain Road,southbayhikes/mcneeranch.html,California State Parks
Marin County,northbayhikes,Old Quarry Trail,northbayhikes/burdell.html,Marin County Open Space District
Marin County,northbayhikes,Blithedale Summit Open Space PreserveMount Tamalpais,northbayhikes/blithe.html,
Marin County,northbayhikes,Loma Alta Open Space Preserve,northbayhikes/lomaalta.html,Marin County Open Space District
Santa Clara County,southbayhikes,Old Ranch Trail,southbayhikes/monte.html,Midpeninsula Regional Open Space District
San Mateo County,southbayhikes,Old Spanish Trail,southbayhikes/cmr.html,
Marin County,northbayhikes,Old Stage Road,northbayhikes/pantoll.html,
Marin County,northbayhikes,Olema Valley Trail,northbayhikes/fivebrooks.html,National Park Service
Alameda County,eastbayhikes,Olive Grove Trail,eastbayhikes/pleasanton.html,East Bay Regional Park District
San Mateo County,southbayhikes,Olmo Fire Road,southbayhikes/butano.html,California State Parks
Santa Clara County,southbayhikes,Orchard Loop Trail,southbayhikes/picchetti.html,Midpeninsula Regional Open Space District
Napa County,northbayhikes,Alston Park,northbayhikes/alstonpark.html,
Sonoma County,northbayhikes,Annadel State Park,northbayhikes/annadel/annadel2.html,California State Parks
Marin County,northbayhikes,Ord Trail,northbayhikes/phoenixlake.html,Marin Municipal Water District
Contra Costa County,eastbayhikes,Owl Alley,eastbayhikes/pointpinole.html,East Bay Regional Park District
Alameda County,eastbayhikes,Palos Colorados Trail,eastbayhikes/joaquinmiller.html,
Sonoma County Parks,northbayhikes,Panorama Trail,northbayhikes/hputnam.html,
Marin County,northbayhikes,Panoramic Trail,northbayhikes/mountainhome.html,California State Parks
Marin County,northbayhikes,Peacock Gap Trail,northbayhikes/chinacamp.html,California State Parks
Alameda County,eastbayhikes,Peak Meadow Trail,eastbayhikes/missionpeak.html,East Bay Regional Park District
Alameda County,eastbayhikes,Peak Trail,eastbayhikes/missionpeak.html,East Bay Regional Park District
Calero County Park,southbayhikes,Pea Trail,southbayhikes/calero.html,Santa Clara County Parks
San Mateo County,southbayhikes,Peters Creek Trail,southbayhikes/longridge.html,Midpeninsula Regional Open Space District
Contra Costa County,eastbayhikes,Phillips Loop Trail,eastbayhikes/redwood.html,East Bay Regional Park District
Marin County,northbayhikes,Phoenix Lake Trail,northbayhikes/phoenixlake.html,Marin Municipal Water District
Marin County,northbayhikes,Phyllis Ellman Loop Trail,northbayhikes/ringmountain.html,Marin County Open Space District
Marin County,northbayhikes,Pilot Knob Trail,northbayhikes/skyoaks.html,Marin Municipal Water District
Santa Cruz County,southbayhikes,Pine Mountain Fire Road,southbayhikes/bigbasin1.html,California State Parks
Marin County,northbayhikes,Pine Mountain Road,northbayhikes/carsonfalls.html,Marin Municipal Water District
Santa Cruz County,southbayhikes,Pine Mountain Trail,southbayhikes/bigbasin1.html,California State Parks
Santa Cruz County,southbayhikes,Pine Trail,southbayhikes/henrycowell.html,California State Parks
Marin County,northbayhikes,Pinheiro Ridge Fire Road,northbayhikes/rush.html,Marin County Open Space District
Sonoma County,northbayhikes,Armstrong Redwoods State Reserve,northbayhikes/armstrong.html,California State Parks
Alameda County,eastbayhikes,GarinDry Creek Pioneer Parks,eastbayhikes/garin.html,East Bay Regional Park District
Santa Cruz County,southbayhikes,Pipeline Road,southbayhikes/henrycowell.html,California State Parks
Santa Clara County,southbayhikes,Pipeline Trail,southbayhikes/hiddenvilla.html,
Marin County,northbayhikes,Plankwalk Trail,northbayhikes/eastpeak.html,California State Parks
San Mateo County,southbayhikes,Plaskon Nature Trail,southbayhikes/sanpedrohazel.html,County of San Mateo Parks Department
Contra Costa County,eastbayhikes,Point Pinole Road,eastbayhikes/pointpinole.html,East Bay Regional Park District
San Mateo County,southbayhikes,Polly Geraci Trail,southbayhikes/pulgas.html,Midpeninsula Regional Open Space District
Sonoma County Parks,northbayhikes,Pomo Trail,northbayhikes/hputnam.html,
San Mateo County,southbayhikes,Memorial County Park,southbayhikes/memorial.html,County of San Mateo Parks Department
San Mateo County,southbayhikes,Pescadero Creek County ParkPortola Redwoods State Park,southbayhikes/portola.html,
San Mateo County,southbayhikes,Ao Nuevo State Reserve,southbayhikes/anonuevo2.html,California State Parks
San Mateo County,southbayhikes,Skyline Ridge Open Space Preserve,southbayhikes/skylinealpine.html,Midpeninsula Regional Open Space District
Sonoma County Parks,northbayhikes,Pond Trail,northbayhikes/shiloh.html,
Santa Clara County,southbayhikes,Ponderosa Trail,southbayhikes/henrycoe/headquarters.html,California State Parks
Contra Costa County,eastbayhikes,Prince Road,eastbayhikes/redwood.html,East Bay Regional Park District
Almaden Quicksilver County Park,southbayhikes,Prospect  Trail,southbayhikes/almadenquicksilver.html,Santa Clara County Parks
Napa County,northbayhikes,Prune Picker Trail,northbayhikes/alstonpark.html,
Marin County,northbayhikes,Pumpkin Ridge Trail,northbayhikes/skyoaks.html,Marin Municipal Water District
San Mateo County,southbayhikes,Purisima Creek Trail,southbayhikes/purisimahiggins.html,Midpeninsula Regional Open Space District
Junipero Serra County Park,southbayhikes,Quail Loop Trail,southbayhikes/juniperoserra.html,County of San Mateo Parks Department
Contra Costa County,eastbayhikes,Rankin Park Trail,eastbayhikes/carquinez.html,East Bay Regional Park District
San Mateo County,southbayhikes,Ranch Road,southbayhikes/burleigh.html,California State Parks
Almaden Quicksilver County Park,southbayhikes,Randol Trail,southbayhikes/almadenquicksilver.html,Santa Clara County Parks
Alameda County,eastbayhikes,Red Hill Trail,eastbayhikes/coyotehills.html,East Bay Regional Park District
Contra Costa County,eastbayhikes,Red Tail Hawk Trail,eastbayhikes/bishop.html,East Bay Regional Park District
Marin County,northbayhikes,Redwood Creek Trail,northbayhikes/muirwoodsroad.html,California State Parks
Santa Cruz County,southbayhikes,Redwood Grove Loop Trail,southbayhikes/henrycowell.html,California State Parks
Santa Cruz County,southbayhikes,Big Basin State Park,southbayhikes/bigbasin1.html,California State Parks
Napa County,northbayhikes,BotheNapa Valley State Park,northbayhikes/bothenapa.htm,California State Parks
San Mateo County,southbayhikes,Purisima Creek Redwoods Open Space Preserve,southbayhikes/purisimaredwood.html,Midpeninsula Regional Open Space District
San Mateo County,southbayhikes,Wunderlich County Park,southbayhikes/wunderlich.html,County of San Mateo Parks Department
Marin County,northbayhikes,Reed Ranch Fire Road,northbayhikes/ringmountain.html,Marin County Open Space District
Santa Clara County,southbayhikes,Renzel Trail,southbayhikes/baylands.html,
San Mateo County,southbayhikes,Resolution Trail,southbayhikes/ecdmsp.html,Midpeninsula Regional Open Space District
Marin County,northbayhikes,Reuben Kaehler Memorial Trail,northbayhikes/little.html,
Santa Clara County,southbayhikes,Round trip to Black Mountain,southbayhikes/ranchoblack.html,Midpeninsula Regional Open Space District
Santa Clara County,southbayhikes,Outandback on Chamise Trail,southbayhikes/ranchoduveneck.html,Midpeninsula Regional Open Space District
Huddart County Park,southbayhikes,Richards Road Trail,southbayhikes/phleger.html,County of San Mateo Parks Department
Contra Costa County,eastbayhikes,Lime Ridge Open Space,eastbayhikes/limeridge.html,
Marin County,northbayhikes,Mount Tamalpais State Park,northbayhikes/pantoll.html,California State Parks
Marin County,northbayhikes,Samuel P Taylor State Park,northbayhikes/sptbarnabe.html,California State Parks
Santa Cruz County,southbayhikes,Ridge Fire Road,southbayhikes/henrycowell.html,California State Parks
Contra Costa County,eastbayhikes,Black Diamond Mines Regional Preserve,eastbayhikes/bdm.html,East Bay Regional Park District
Santa Cruz County,southbayhikes,Castle Rock State Park,southbayhikes/castlerock.html,California State Parks
Santa Cruz County,southbayhikes,Fall Creek Unit,southbayhikes/fallcreek.html,California State Parks
Marin County,northbayhikes,Five Brooks Trailhead,northbayhikes/fivebrooks.html,National Park Service
Sonoma County Parks,northbayhikes,Helen Putnam Regional Park,northbayhikes/hputnam.html,
Santa Clara County,southbayhikes,Mount Madonna County Park,southbayhikes/madonna.html,Santa Clara County Parks
San Mateo County,southbayhikes,Russian Ridge Open Space Preserve,southbayhikes/russianridge.html,Midpeninsula Regional Open Space District
Sonoma County Parks,northbayhikes,Shiloh Ranch Regional Park,northbayhikes/shiloh.html,
San Mateo County,southbayhikes,Skyline Ridge Open Space Preserve,southbayhikes/skyline1.html,Midpeninsula Regional Open Space District
Alameda County,eastbayhikes,Del Valle Regional Park,eastbayhikes/delvalle.html,East Bay Regional Park District
Alameda County,eastbayhikes,Pleasanton Ridge Regional Park,eastbayhikes/pleasanton.html,East Bay Regional Park District
Marin County,northbayhikes,Ridgewood Fire Road,northbayhikes/tlsh.html,Marin County Open Space District
Contra Costa County,eastbayhikes,Rim Trail,eastbayhikes/lafres.html,
Santa Cruz County,southbayhikes,Rincon Fire Road,southbayhikes/henrycowell.html,California State Parks
Marin County,northbayhikes,Ring Mountain Fire Road,northbayhikes/ringmountain.html,Marin County Open Space District
Napa County,northbayhikes,Ritchey Canyon Trail,northbayhikes/bothenapa.htm,California State Parks
Santa Cruz County,southbayhikes,River Trail,southbayhikes/henrycowell.html,California State Parks
Solano County,eastbayhikes,Rock Gardens Trail,eastbayhikes/rockville.html,
Marin County,northbayhikes,Rock SpringLagunitas Fire Road,northbayhikes/rockspring.html,Marin Municipal Water District
Marin County,northbayhikes,Rock Spring Trail,northbayhikes/pantoll.html,
Marin County,northbayhikes,Rocky Ridge Fire Road,northbayhikes/bontempe.html,
Contra Costa County,eastbayhikes,Rocky Ridge Road,eastbayhikes/lastrampas.html,East Bay Regional Park District
Santa Clara County,southbayhikes,Santa Teresa County Park,southbayhikes/santateresa.html,Santa Clara County Parks
Napa County,northbayhikes,Westwood Hills Park,northbayhikes/westwoodhills.html,
Marin County,northbayhikes,Rodeo Valley Cutoff Trail,northbayhikes/gerbode.html,National Park Service
Marin County,northbayhikes,Rodeo Valley Trail,northbayhikes/gerbode.html,National Park Service
Sonoma County,northbayhikes,Rough Go Trail,northbayhikes/annadel/annadel.html,California State Parks
Marin County,northbayhikes,Roys Redwoods Loop Trail,northbayhikes/roys.html,Marin County Open Space District
Contra Costa County,eastbayhikes,Round Top Loop Trail,eastbayhikes/sibley.html,East Bay Regional Park District
Marin County,northbayhikes,Rush Creek Fire Road,northbayhikes/rush.html,Marin County Open Space District
San Bruno Mountain County and State Park,southbayhikes,Saddle Trail,southbayhikes/sanbrunosaddle.html,County of San Mateo Parks Department
San Mateo  Santa Clara County,southbayhikes,San Andreas Fault Trail,southbayhikes/lostrancos.html,Midpeninsula Regional Open Space District
Marin County,northbayhikes,San Andreas Fire Road,northbayhikes/burdell.html,Marin County Open Space District
Marin County,northbayhikes,San Carlos Fire Road,northbayhikes/burdell.html,Marin County Open Space District
Santa Clara County,southbayhikes,San Francisquito Creek Trail,southbayhikes/baylands.html,
Marin County,northbayhikes,San Geronimo Ridge Fire Road,northbayhikes/giacomini.html,Marin County Open Space District
Marin County,northbayhikes,San Marin Fire Road,northbayhikes/burdell.html,Marin County Open Space District
Contra Costa County,eastbayhikes,San Pablo Ridge Trail,eastbayhikes/wildcatcanyon.html,East Bay Regional Park District
Marin County,northbayhikes,San Pedro Mountain Fire Road,northbayhikes/sanpedro.html,Marin County Open Space District
Marin County,northbayhikes,Sanchez Fire Road,northbayhikes/little.html,Marin County Open Space District
San Francisco County,sfhikes,Sand Ladder Trail,sfhikes/funston.html,
Almaden Quicksilver County Park,southbayhikes,Santa Isabel Trail,southbayhikes/almadenquicksilver.html,Santa Clara County Parks
Santa Cruz County,southbayhikes,Saratoga Gap Trail,southbayhikes/castlerock.html,California State Parks
San Mateo County,southbayhikes,Spring RidgeHamms Gulch Loop,southbayhikes/whsrhg.html,Midpeninsula Regional Open Space District
San Mateo County,southbayhikes,A loop around the pond,southbayhikes/windysausal.html,Midpeninsula Regional Open Space District
Sonoma County Parks,northbayhikes,Savannah Trail,northbayhikes/hputnam.html,
San Mateo County,southbayhikes,Sawyer Camp Trail,southbayhikes/sawyercamp.html,County of San Mateo Parks Department
San Mateo County,southbayhikes,Sequoia Audubon Trail,southbayhikes/pescaderomarsh.html,California State Parks
Alameda County,eastbayhikes,Sequoia Bayview Trail,eastbayhikes/joaquinmiller.html,
San Mateo County,southbayhikes,Sequoia Nature Trail,southbayhikes/portola.html,California State Parks
San Mateo County,southbayhikes,Serpentine Loop,southbayhikes/edgewood.html,County of San Mateo Parks Department
San Mateo County,southbayhikes,Service Road,southbayhikes/edgewood.html,County of San Mateo Parks Department
Santa Clara County,southbayhikes,Seven Springs Trail,southbayhikes/fremontolder.html,Midpeninsula Regional Open Space District
Marin County,northbayhikes,Shaver Grade,northbayhikes/phoenixlake.html,Marin Municipal Water District
Marin County,northbayhikes,Sherwood Forest Fire Road,northbayhikes/white.html,Marin County Open Space District
Marin County,northbayhikes,Shoreline Trail,northbayhikes/chinacamp.html,California State Parks
San Mateo County,southbayhikes,Sierra Morena Trail,southbayhikes/elcortemadera.html,Midpeninsula Regional Open Space District
Marin County,northbayhikes,Simmons Trail,northbayhikes/rockspring.html,Marin Municipal Water District
Alameda County,eastbayhikes,Sinawik Trail,eastbayhikes/joaquinmiller.html,
Marin County,northbayhikes,Sky OaksLagunitas Trail,northbayhikes/skyoaks.html,Marin Municipal Water District
Marin County,northbayhikes,Sky Trail,northbayhikes/prsky.html,National Park Service
Santa Clara County,southbayhikes,SanbornSkyline County Park,southbayhikes/sanborn.html,Santa Clara County Parks
Napa County,northbayhikes,Skyline Wilderness Park,northbayhikes/skylinewild.html,
Santa Cruz County,southbayhikes,Berry Creek Falls from the ocean,southbayhikes/bbrdo.html,California State Parks
Santa Cruz County,southbayhikes,Waterfall Loop from Park Headquarters,southbayhikes/bigbasin/waterfallloop.html,California State Parks
Marin County,northbayhikes,Sleepy Hollow Fire Road,northbayhikes/tlshdnorth.html,
Marin County,northbayhikes,Smith Fire Road,northbayhikes/lomaalta.html,Marin County Open Space District
San Mateo County,southbayhikes,Sneath Lane Trail,southbayhikes/sweeney.html,Golden Gate National Recreation Area
Marin County,northbayhikes,Sorich Fire Road,northbayhikes/tlsh.html,Marin County Open Space District
Marin County,northbayhikes,Sorich Park Trail,northbayhikes/tlsh.html,Marin County Open Space District
Alameda County,eastbayhikes,Soaproot Trail,eastbayhikes/coyotehills.html,East Bay Regional Park District
Contra Costa County,eastbayhikes,Sobrante Ridge Trail,eastbayhikes/sobrante.html,
Sonoma County,northbayhikes,Sonoma Ridge Loop Trail,northbayhikes/jacklondon.html,California State Parks
Sonoma County,northbayhikes,Sonoma Ridge Trail,northbayhikes/jacklondon.html,California State Parks
Sonoma County Parks,northbayhikes,South Loop Trail,northbayhikes/hputnam.html,
Villa Montalvo County Park,southbayhikes,South Orchard Trail,southbayhikes/montalvo.html,Santa Clara County Parks
Solano County,eastbayhikes,South Pasture Trail,eastbayhikes/rushranch.html,
San Francisco County,sfhikes,South Ridge Trail,sfhikes/sutro.html,
San Mateo County,southbayhikes,Spring RidgeHamms Gulch Loop,southbayhikes/whsrhg.html,Midpeninsula Regional Open Space District
San Mateo County,southbayhikes,A loop around Sausal Pond,southbayhikes/windysausal.html,Midpeninsula Regional Open Space District
Stafford Lake County Park,northbayhikes,Stafford Lake Trail,northbayhikes/little.html,
Marin County,northbayhikes,Steep Ravine Trail,northbayhikes/stinson.html,California State Parks
Sonoma County,northbayhikes,Steves S Trail,northbayhikes/annadel/annadel.html,California State Parks
Santa Clara County,southbayhikes,Stevens Creek Nature Trail,southbayhikes/monte.html,Midpeninsula Regional Open Space District
Stevens Creek County Park,southbayhikes,Stevens Creek Tony Look Trail,southbayhikes/stevenscreek.html,Santa Clara County Parks
Napa County,northbayhikes,Stevenson Memorial Trail,northbayhikes/rlssp.html,California State Parks
Marin County,northbayhikes,Stewart Trail,northbayhikes/fivebrooks.html,National Park Service
Contra Costa County,eastbayhikes,Stewartsville Trail,eastbayhikes/bdm.html,East Bay Regional Park District
,southbayhikes,Stile Ranch Trail,southbayhikes/stileranch.html,
Marin County,northbayhikes,Stocking Trail,northbayhikes/bontempe.html,
Contra Costa County,eastbayhikes,Stone Corral Trail,eastbayhikes/morgan.html,East Bay Regional Park District
Contra Costa County,eastbayhikes,Stonegate Trail,eastbayhikes/diablofoothills.html,East Bay Regional Park District
,eastbayhikes,Stream Trail,eastbayhikes/redwood.html,East Bay Regional Park District
Contra Costa County,eastbayhikes,Stream View Trail,eastbayhikes/bishop.html,East Bay Regional Park District
San Bruno Mountain County and State Park,southbayhikes,Summit Loop Trail,southbayhikes/sanbrunosummit.html,County of San Mateo Parks Department
San Mateo County,southbayhikes,Sunny Jim  Trail,southbayhikes/skyline1.html,Midpeninsula Regional Open Space District
Marin County,northbayhikes,Sunset Beach Trail,northbayhikes/estero.html,National Park Service
Marin County,northbayhikes,Angel Island State Park,northbayhikes/angelisland.html,California State Parks
Santa Cruz County,southbayhikes,Big Basin Redwoods State Park,southbayhikes/bigbasin/waterfallloop.html,California State Parks
Alameda County,eastbayhikes,Joaquin Miller Park,eastbayhikes/joaquinmiller.html,
San Mateo County,southbayhikes,Sweeney Ridge Trail,southbayhikes/sweeney.html,Golden Gate National Recreation Area
San Mateo County,southbayhikes,Sylvan Trail,southbayhikes/edgewood.html,County of San Mateo Parks Department
Upper Stevens Creek County Park,southbayhikes,Table Mountain Trail,southbayhikes/usccp.html,Santa Clara County Parks
San Mateo County,southbayhikes,Resolution Loop,southbayhikes/ecdmsp.html,Midpeninsula Regional Open Space District
San Mateo County,southbayhikes,Tafoni Loop,southbayhikes/elcortemadera.html,Midpeninsula Regional Open Space District
Marin County,northbayhikes,Terra Linda Ridge Fire Road,northbayhikes/tlshdnorth.html,
Stafford Lake County Park,northbayhikes,Terwilliger Nature Trail,northbayhikes/staffordlk.html,
Alameda County,eastbayhikes,Thermalito Trail,eastbayhikes/pleasanton.html,East Bay Regional Park District
Marin County,northbayhikes,Thorner Ridge Trail,northbayhikes/thorner.html,Marin County Open Space District
Sonoma County Parks,northbayhikes,Three Lakes Trail,northbayhikes/foothill.html,
Sonoma County Parks,northbayhikes,Three Meadows Trail,northbayhikes/maxwell.html,
Alameda County,eastbayhikes,Tidelands Trail,eastbayhikes/dewf.html,
Marin County,northbayhikes,Tomahawk Fire Road,northbayhikes/tlsh.html,Marin County Open Space District
Marin County,northbayhikes,Tomales Point Trail,northbayhikes/tomalespt.html,National Park Service
Sam McDonald County Park,southbayhikes,Towne Trail,southbayhikes/smcp.html,County of San Mateo Parks Department
San Mateo County,southbayhikes,Toyon Trail,southbayhikes/cmr.html,
Sonoma County,northbayhikes,Treadmill Trail,northbayhikes/jacklondon.html,California State Parks
Contra Costa County,eastbayhikes,Tres Sendas Trail,eastbayhikes/redwood.html,East Bay Regional Park District
Marin County,northbayhikes,Trestle Trail,northbayhikes/mountainhome.html,California State Parks
Marin County,northbayhikes,Troop  Trail,northbayhikes/mountainhome.html,California State Parks
Santa Cruz County,southbayhikes,Truck Trail,southbayhikes/fallcreek.html,California State Parks
Santa Cruz County,southbayhikes,Twin Oaks Trail,southbayhikes/wilder.html,California State Parks
Marin County,northbayhikes,Upper Meadow Trail,northbayhikes/indiantree.html,Marin County Open Space District
Contra Costa County,eastbayhikes,Upper Sea Foam Trail,eastbayhikes/kengrove.html,East Bay Regional Park District
Marin County,northbayhikes,Upper Summit Fire Road,northbayhikes/caminoalto.html,Marin County Open Space District
Contra Costa County,eastbayhikes,Upper Trail,eastbayhikes/lastrampas.html,East Bay Regional Park District
Santa Clara County,southbayhikes,Upper Wildcat Canyon Trail,southbayhikes/rancho.html,Midpeninsula Regional Open Space District
Calero County Park,southbayhikes,Vallecito Trail,southbayhikes/calero.html,Santa Clara County Parks
Napa County,northbayhikes,Alston Park,northbayhikes/alstonpark.html,
Contra Costa County,eastbayhikes,Los Vaqueros Watershed,eastbayhikes/losvaqueros.html,Contra Costa Water District
San Mateo County,southbayhikes,San Pedro Valley Park,southbayhikes/sanpedrovvl.html,County of San Mateo Parks Department
Napa County,northbayhikes,Westwood Hills Park,northbayhikes/westwoodhills.html,
Sonoma County Parks,northbayhikes,Verano Trail,northbayhikes/maxwell.html,
Marin County,northbayhikes,Verissimo Hills Trail,northbayhikes/little.html,Marin County Open Space District
Marin County,northbayhikes,Verna Dunshee Trail,northbayhikes/eastpeak.html,California State Parks
Santa Clara County,southbayhikes,Vista Loop Trail,southbayhikes/stevenscreek.html,Midpeninsula Regional Open Space District
Contra Costa County,eastbayhikes,Volcanic Trail,eastbayhikes/sibley.html,East Bay Regional Park District
Contra Costa County,eastbayhikes,Volvon Trail,eastbayhikes/morgan.html,East Bay Regional Park District
Sonoma County,northbayhikes,W Richardson Trail,northbayhikes/annadel/annadel.html,California State Parks
Uvas Canyon County Park,southbayhikes,Waterfall Loop Fire Road,southbayhikes/uvas.html,Santa Clara County Parks
San Mateo County,southbayhikes,Hazelnut Trail Loop,southbayhikes/sanpedrohazel.html,County of San Mateo Parks Department
San Mateo County,southbayhikes,Valley View Loop,southbayhikes/sanpedrovvl.html,County of San Mateo Parks Department
Contra Costa County,eastbayhikes,West Ridge Trail,eastbayhikes/millerknox.html,East Bay Regional Park District
Alameda County,eastbayhikes,Western Pacific Trail,eastbayhikes/quarrylakes.html,East Bay Regional Park District
Sonoma County Parks,northbayhikes,Westside Trail,northbayhikes/foothill.html,
Marin County,northbayhikes,White Hill Fire Road,northbayhikes/white.html,Marin County Open Space District
Santa Clara County,southbayhikes,White Oak Trail,southbayhikes/monte.html,Midpeninsula Regional Open Space District
,southbayhikes,Whitehouse Ridge Trail,southbayhikes/anonuevo.html,California State Parks
San Mateo County,southbayhikes,Wilburs Watch,southbayhikes/wilburswatch.html,
Santa Clara County,southbayhikes,Wildcat Canyon Trail,southbayhikes/rancho.html,Midpeninsula Regional Open Space District
Contra Costa County,eastbayhikes,Wildcat Creek Trail,eastbayhikes/wildcatcanyon.html,East Bay Regional Park District
Contra Costa County,eastbayhikes,Wildcat Peak Trail,eastbayhikes/tilden.html,East Bay Regional Park District
Marin County,northbayhikes,Wildcat Trail,northbayhikes/invalley.html,Marin County Open Space District
Santa Cruz County,southbayhikes,Wilder Ridge Loop Trail,southbayhikes/wilder.html,California State Parks
Sonoma County,northbayhikes,Wingspan Way,northbayhikes/tubbs.html,
Marin County,northbayhikes,Wolf Ridge Trail,northbayhikes/rodeobeach.html,National Park Service
Alameda County,eastbayhikes,Wood Duck Trail,eastbayhikes/quarrylakes.html,East Bay Regional Park District
Alameda County,eastbayhikes,Woodland Trail,eastbayhikes/pleasanton.html,East Bay Regional Park District
Marin County,northbayhikes,Woodoaks Trail,northbayhikes/sanpedro.html,Marin County Open Space District
Santa Clara County,southbayhikes,Woodrat Trail,southbayhikes/arastradero.html,
Santa Clara County,southbayhikes,Woods Trail,southbayhikes/sierraazul/sierraazul2.html,Midpeninsula Regional Open Space District
Marin County,northbayhikes,Worn Spring Fire Road,northbayhikes/deerpark.html,
Grant County Park,southbayhikes,Yerba Buena Trail,southbayhikes/grant.html,Santa Clara County Parks
Marin County,northbayhikes,Phoenix Lake Trailhead,northbayhikes/phoenixlake.html,
Marin County,northbayhikes,Deer Park Trailhead,northbayhikes/deerpark.html,
Marin County,northbayhikes,Z Ranch Trail,northbayhikes/prsky.html,National Park Service
Santa Cruz County,southbayhikes,Zane Gray Cutoff,southbayhikes/wilder.html,California State Parks
Santa Clara County,southbayhikes,Zinfandel Trail,southbayhikes/picchetti.html,Midpeninsula Regional Open Space District
